cluster_language,English,German,Portuguese,Spanish,Swedish
All,5.308902263641357,6.172384738922119,5.477377414703369,5.390384197235107,5.586320877075195
