cluster_language,English,German,Portuguese,Spanish,Swedish
-,5.350348472595215,6.471775531768799,5.538280010223389,5.618861675262451,5.730195999145508
