cluster_language,English,German,Portuguese,Spanish,Swedish
All,5.267976760864258,6.085468292236328,5.384260177612305,5.326306819915772,5.501448154449463
