cluster_language,English,German,Portuguese,Spanish,Swedish
All,5.260531425476074,6.110233783721924,5.372951507568359,5.332647800445557,5.497325420379639
