cluster_language,English,German,Portuguese,Spanish,Swedish
-,7.269759178161621,8.53579330444336,9.74589729309082,8.797128677368164,10.423484802246094
